page_fault_rate,cpu_util,working_set,label
0.01443612773782521,0.8950951944094222,0.4468345027864957,0
0.18695262359005038,0.940127118313137,0.6336794865565871,0
0.056660411104423325,0.19333033555078405,0.3354040847015005,0
0.12741479110511422,0.5143289775866895,0.3077287796048479,0
0.6142107940343182,0.5107479143380178,0.8848290473359568,1
0.48397385415542304,0.1688841593454753,0.48533167127584087,1
0.9614134974263099,0.3379117040397809,0.9410917118416348,2
0.5233082407627353,0.530745752460737,0.5351082624907729,1
0.2879667634233438,0.7102037512630323,0.7255986458406753,0
0.15095549655460228,0.34154877092991653,0.0654964620392976,0
0.8424582824302165,0.44979736096665945,0.9114150051145211,2
0.4668122206345776,0.05945235366645729,0.13542783924729873,1
0.16224925635977372,0.21197174811837827,0.16863355646439027,0
0.8905053349951221,0.9878445073543732,0.42993230971580576,2
0.8064148906511073,0.058673075416582066,0.9426138650552649,2
0.27084415281506236,0.6669830800261982,0.12456726456242995,0
0.5106119995976165,0.8814162322706721,0.7248319078623688,1
0.14289660616604938,0.6688071818900705,0.04265951748215946,0
0.547690552915393,0.9238739749529702,0.9505169357609468,1
0.081584183113104,0.5169428545261809,0.9368174939994255,0
0.7236335384683861,0.9493998827297611,0.08589600893389027,2
0.4733805479340727,0.28891253324974686,0.7977880171453443,1
0.9968495261237187,0.8596470697096684,0.5968001408403562,2
0.6434769022564997,0.5922444840643257,0.464267570196221,1
0.1663038899719771,0.5575144883501061,0.9969554792582621,0
0.45204070595571666,0.34889883237214636,0.5116309494400139,1
0.1629574671464492,0.618580262835757,0.9123963196436836,0
0.4955761644223833,0.29203360658704447,0.009810301152928136,1
0.36861100731442975,0.6655854782448094,0.37483249722341927,0
0.8238426942138767,0.8889049831747068,0.10467922268314356,2
0.19393322495639576,0.3383092256215602,0.9821450781722106,0
0.35681294582058276,0.8579508627431386,0.16475125630652288,0
0.8855154112384152,0.8844603642223019,0.5120935860511081,2
0.12398125219018641,0.3412873069140613,0.013439731879424377,0
0.5718661094864228,0.8640050530395562,0.2525206474241779,1
0.5138544945734298,0.780862474761436,0.5033342180980096,1
0.05911695026222119,0.7498272330321581,0.7033252491060936,0
0.8413068389591835,0.7838345789157123,0.045805119570746955,2
0.20164244659471642,0.9599235551057984,0.1858740821795044,0
0.8602987034277229,0.6174837327024174,0.7250078813427892,2
0.022878009477355965,0.6128170707275302,0.875326401929168,0
0.13615707761367357,0.3741351293736742,0.6150520407139948,0
0.6971467381477744,0.7611830167914724,0.42922670845465927,1
0.6502783342974734,0.8271088803168504,0.9365618356680752,1
0.6202865736972606,0.5400774497219257,0.9877878738367345,1
0.6771828139052212,0.045951864681579524,0.8827141006181718,1
0.23712581256470822,0.40321143905852097,0.33806163116984234,0
0.02123520155232661,0.3644031429817104,0.5673721142716694,0
0.3112785286137668,0.4937497245101111,0.5186773935515351,0
0.20030906475127852,0.7402352491193419,0.2037529047766783,0
0.8430662473643992,0.37838336598915345,0.47223568466442756,2
0.29439752294505184,0.4157794717873097,0.14593628309785478,0
0.3591552854550193,0.6974957292185129,0.9471466625024269,0
0.030822989459694528,0.7024307207775549,0.18367662506950333,0
0.634301035492121,0.5496511774600994,0.6427827819842371,1
0.6624258798633431,0.814076640728519,0.2683584809646786,1
0.4710382030089818,0.4553827844260956,0.6004152499789593,1
0.7113635097305648,0.3904630730547235,0.4230855945661651,2
0.3002384639918352,0.5316425206435176,0.5714453568484803,0
0.8259109720896346,0.346942901770356,0.7272614456274484,2
0.5276444184340212,0.9566836383822803,0.9269683292776376,1
0.9540743749553722,0.07745433745751651,0.9757659106561786,2
0.7743579133002191,0.5025062419832738,0.23149572596484436,2
0.6481021645038986,0.09545944772250203,0.31587501795250805,1
0.31026695391481696,0.5590408788298246,0.5090225321780215,0
0.3614460191199872,0.28591348689184504,0.7483394312985189,0
0.10990394139790893,0.8229836773912101,0.020556951659036704,0
0.31826024922238205,0.7471999824022685,0.29996151177557806,0
0.7261529702604538,0.396497410160198,0.4277265711446757,2
0.16977482909888497,0.5726305513837491,0.005377045390965618,0
0.42401864199293227,0.8177238077101798,0.10738357348830674,1
0.04963803393961608,0.6107564338181193,0.530164386571742,0
0.3640975701891104,0.009243123232588468,0.08417375530697624,0
0.23221043511359862,0.9917270525760855,0.8994537409628961,0
0.6926473866955838,0.4550037781757639,0.8501642570807398,1
0.270557027743322,0.5178068501434793,0.17497892546804583,0
0.6809794092539599,0.9426174742817213,0.32130636826204184,1
0.1129412275281253,0.7384303637118846,0.6558429850563336,0
0.03692585217951383,0.5389330945916723,0.9731570368620176,0
0.008540941209841169,0.884340685052124,0.23413197698080135,0
0.27086336612628725,0.3125714620758233,0.7013443331277449,0
0.5016125742252843,0.6383133473677716,0.20202111006864343,1
0.7457611124148766,0.21697198535767037,0.2511583273609872,2
0.19343622012497008,0.0067348063175256545,0.135731547211296,0
0.6012333654900707,0.3303156973082323,0.05424994797919003,1
0.05542626958719454,0.43443955367194687,0.39619457252254753,0
0.9440631314867008,0.7438385461643893,0.34589947244389896,2
0.40862076724587826,0.6525937629270852,0.13225893128382338,1
0.3272325570506245,0.5646988314136279,0.5435750139636605,0
0.09889976821117596,0.9694862681368605,0.36861716285829926,0
0.43658709494623615,0.7096809437527412,0.3449759336460442,1
0.47805851349395845,0.20528136583333612,0.2636482585447949,1
0.9449594341426857,0.5255486561666661,0.9829393168173345,2
0.40458043388156906,0.9623856305865008,0.2490614907459896,1
0.18139515962973807,0.9168129601463604,0.8460061840198897,0
0.8170229715349319,0.025004447197966018,0.3981851481927451,2
0.4634036416166982,0.10116945349417805,0.25519125289808675,1
0.822707207207458,0.4155360663095885,0.7405625757569186,2
0.124768553787582,0.22549740638164095,0.3655869511161951,0
0.43320969029273315,0.7925972051858914,0.8770818622271797,1
0.010640177190924027,0.7790895140556213,0.993637620108391,0
0.029095572320535834,0.16116792621381248,0.2189271056942902,0
0.41333399487549494,0.31822278149452865,0.9858923990475378,1
0.1873015257763283,0.7786866384171152,0.4830907228343053,0
0.8491019099700985,0.6049545848450089,0.20433451190477614,2
0.6351511686732291,0.9096941601164515,0.6367780256587494,1
0.4695025271957961,0.741143102902552,0.32829927267322456,1
0.9933253008907016,0.3974132495760938,0.07140184375580416,2
0.7692377771852227,0.44215368120986565,0.3903369956800993,2
0.42269453178830607,0.10170593572797537,0.2990160596579984,1
0.7663860808182419,0.32628144928504355,0.5742777780321878,2
0.8437733573383907,0.09943356691335703,0.33965156805530494,2
0.08008972394227099,0.46336901488386617,0.8852722831798088,0
0.34247375837267113,0.580944788595359,0.27563776107191706,0
0.7790725540472623,0.3799569708033764,0.3046780206816716,2
0.6590380671783019,0.730842143496384,0.4033696242434277,1
0.9497623286132018,0.6871482002548731,0.7539498262890094,2
0.35493620911133195,0.015280456350396987,0.21108729487438316,0
0.06608879740126783,0.15684256982559108,0.43296601065603957,0
0.6626321604878082,0.8994882563987779,0.2952233757212308,1
0.10209067135787231,0.6675236762157262,0.5513882527727373,0
0.22925462237675964,0.37106260713071615,0.11800261608042817,0
0.3488299281836077,0.6225511248056428,0.3304348799856839,0
0.43487745340616724,0.4581901389671307,0.15694119031447906,1
0.8170236582116214,0.38665676485341394,0.19591677972920019,2
0.07712630606815307,0.5493796859916862,0.573087273911558,0
0.6467246978068807,0.2609607681304922,0.05208493698629857,1
0.7110447201749915,0.7807812661130087,0.46321008896613114,2
0.004094641544102551,0.0668238892744425,0.3028524599381369,0
0.18740401977816623,0.36487303223186285,0.2633812726834228,0
0.07838363495633638,0.005510165563286984,0.11456886719192128,0
0.5977810323751938,0.06616788360866277,0.04225353510208163,1
0.8759828598566648,0.2835218373791727,0.3324053733527754,2
0.21962362021222415,0.8169320914325637,0.05254635909498784,0
0.5349719020786154,0.23650710907897243,0.7831882316714489,1
0.5628978142855472,0.3883062889795441,0.9175521365490494,1
0.3695300596640404,0.15086767545989976,0.9660139114873575,0
0.6472614635911866,0.0741976886025153,0.5986365978107181,1
0.23625334744202164,0.006937725303697628,0.8329841889722678,0
0.2837968179298549,0.9107001124574242,0.14762880450990035,0
0.9339003261506708,0.286881348170377,0.5415571308687114,2
0.6310689489144192,0.8013384122647024,0.373701910123467,1
0.547931707653583,0.6565004813387778,0.7076244017362068,1
0.0931943320285612,0.34719710590221275,0.9351501801242076,0
0.7187647690868846,0.19006783368390845,0.8276682034602281,2
0.9125898782461108,0.6330720853468417,0.8181600983149862,2
0.42502839666745074,0.9578254118443689,0.7542432761047598,1
0.3475307837932088,0.31729021590280315,0.6059730117735164,0
0.08147237557406106,0.8583665524051513,0.959047664918332,0
0.3980552211145856,0.9336409407392137,0.7894896369601222,0
0.15012158632655692,0.48509224551589447,0.23077192765387455,0
0.2794603090408726,0.8233488671799828,0.6790068607151186,0
0.5365384136364196,0.24053122944237448,0.2404345604493553,1
0.8942887516013768,0.8336155052765221,0.8755517740166416,2
0.06134186372090433,0.4558710534379473,0.8360484606532522,0
0.5800636153827514,0.19593088291768368,0.3736710470973824,1
0.8335784226798778,0.7077320807445653,0.9115848430314594,2
0.6639866333321985,0.48936948320410156,0.3358148733328581,1
0.7303558535328744,0.1488010409406776,0.8421288810952515,2
0.32101229060687986,0.20600527215374176,0.2403386890961604,0
0.7655764331489604,0.5254690105780202,0.2618125267264121,2
0.7252035550775178,0.266135146393659,0.7072197211155618,2
0.05748884723331049,0.6324530224266869,0.8666183053256865,0
0.8635823402089134,0.444441314422642,0.9886360254687265,2
0.3100359108551105,0.14013760269046516,0.22300016080109952,0
0.23025644947168533,0.22206688017782006,0.1796226758237286,0
0.9507101201735147,0.6639673209625191,0.1575898560781882,2
0.5673085525826054,0.004632835218337683,0.2664435348005072,1
0.09385213505965562,0.23049568837972312,0.5133925780993372,0
0.09297040670975176,0.04352792267239014,0.9679743407659034,0
0.7847606548052307,0.9383890586680506,0.24048430045084623,2
0.45524016854122584,0.23168854093335922,0.3278975032835666,1
0.6717312868963237,0.6094172932004855,0.054372554612988844,1
0.7057948307236857,0.2860190705751976,0.8130441112083324,2
0.14897043383831943,0.8086876219254496,0.3602336293161088,0
0.3471233990076926,0.1858964416124932,0.47047091785592376,0
0.6012300918446274,0.2865841463488279,0.8905816262739674,1
0.5666934973423862,0.7463563945602053,0.23960295561862954,1
0.6476955851508103,0.22352604477757487,0.601263612705465,1
0.3139234869238514,0.5172106734976882,0.47637529740515316,0
0.07426211253196979,0.5676984181116532,0.590183619660177,0
0.9456350710654563,0.05265601088951177,0.3995613090785186,2
0.3891836852723438,0.427172716611363,0.1631960464323845,0
0.016688236964321645,0.2136682022335349,0.13774556839757446,0
0.10878831745189665,0.3967684343480318,0.5043991144633457,0
0.19731154780055038,0.9452893690410671,0.27624249448928273,0
0.475751155242799,0.5106662170282705,0.8042426170550285,1
0.5942786400142794,0.5430037885735131,0.43338196610598756,1
0.9177927613907557,0.38158882440412956,0.3132035646556419,2
0.004246465721152726,0.8178726368063035,0.6956848198244857,0
0.6717239822867529,0.2767882774099396,0.037849824054599135,1
0.7984872180070081,0.4758793827666278,0.9926165735613105,2
0.8973488398822949,0.8334071106308925,0.975929508179038,2
0.3601220771620737,0.8180787537411597,0.8472423068187102,0
0.6516179810364134,0.03010767703631423,0.517715268247013,1
0.1998588690671822,0.6567381966250911,0.7672916049061982,0
0.6492960296657094,0.26276384481256676,0.7919580039000064,1
0.5064535050310705,0.7748321973135162,0.4334746462956055,1
0.12237620453284814,0.6212802267656249,0.9905869545712253,0
0.6598933448263927,0.04658297179932269,0.7314948672507161,1
0.09437911944391708,0.5821718708474961,0.853725352481539,0
0.9649885218084807,0.5180946993683819,0.912237218691033,2
0.3313782612692425,0.6789454713073239,0.25979372420876634,0
0.38019163371377795,0.1613446879944882,0.03674655493976364,0
0.11769302800381398,0.9941746582447741,0.6172087492594528,0
0.516063017685143,0.9348085842023924,0.2178383427187931,1
0.2346743626240414,0.8627399154977252,0.15561644508827555,0
0.08392112551863573,0.47268912633765736,0.2501187698337102,0
0.6478106608417488,0.811464244496902,0.6501614440985343,1
0.38018072548133863,0.11591877045370946,0.11755415475405706,0
0.5490841653247351,0.1456174227075704,0.37382754679245733,1
0.6314221935090197,0.49085042089166997,0.31093518530473363,1
0.19855967083389192,0.7978546792986904,0.9725855843490702,0
0.6509374652207933,0.24304827465357548,0.3625462155013933,1
0.6472056788015775,0.2599877928282742,0.011013530641718061,1
0.6242155729551161,0.7524684137643783,0.15196887062782827,1
0.6254022688158558,0.8445715609501588,0.821711427267159,1
0.2561078384843337,0.2801768356607739,0.1361732378110332,0
0.38899916474794594,0.39090167330952275,0.9483820208234507,0
0.20243397953707276,0.6079082404341102,0.045338641862575635,0
0.374548720066772,0.7383912055779581,0.6167403422382862,0
0.014849673421392873,0.10782680475702477,0.6030594666657201,0
0.365775819271838,0.061026539275828906,0.6086607581014433,0
0.3351934058363937,0.5445093184655367,0.8255672661181104,0
0.8589306684222586,0.4604339229299623,0.6912116502661256,2
0.4231046507586095,0.31413602562766463,0.37145314254844664,1
0.4459580380710856,0.26016029763506665,0.9305068985265934,1
0.5466342637834427,0.8677164423673926,0.6701329829804705,1
0.5577801906394245,0.4588557819196677,0.13477192422021878,1
0.14649926558012882,0.8273816770562036,0.47430263188920097,0
0.5338432119925026,0.43346164107045293,0.8454738958067887,1
0.252187596542652,0.5669369472766074,0.4316772413656652,0
0.07980756312083437,0.888496539445438,0.3422700516446314,0
0.2925613365673614,0.18942879223285725,0.8731802015613374,0
0.2542118932163453,0.8050558309683326,0.2959176260153117,0
0.059606979522786485,0.46707789439896763,0.4003095095792436,0
0.1753640288145606,0.2956805260144131,0.30727015075031294,0
0.1769782267928366,0.27015277204909527,0.7301449683846327,0
0.8268227761884129,0.9651161273989156,0.560340568743828,2
0.02658127465647564,0.06572195380250634,0.15523600398445936,0
0.40163309624799926,0.056517769215696845,0.4469691059271662,1
0.4020475908933664,0.7057396755678442,0.2883665179919426,1
0.2449289012985041,0.8844052294417311,0.13276875075134598,0
0.8715637821190525,0.011083405956429093,0.5071612023943692,2
0.9115768274986167,0.1405608860808527,0.1770526036296971,2
0.07649969449522664,0.7730113640202114,0.22300431777149754,0
0.6795456558735486,0.3778066754039696,0.45754490098994716,1
0.35450570214766575,0.17609457955946128,0.9592102540653693,0
0.13452177836741497,0.3237804904480138,0.3861443438902229,0
0.864992639685909,0.8695825691953664,0.0291851563104798,2
0.23244830526460014,0.040716604685660296,0.03534594602384489,0
0.608692624010781,0.6768893097506008,0.779105020555327,1
0.994122179212917,0.3354901814637785,0.585051385759549,2
0.7740787271241808,0.7292147317617204,0.26754870858122926,2
0.36829284640266846,0.8318092745544962,0.8530743369905074,0
0.8906417377340465,0.1782131305386896,0.782514116986611,2
0.6098274850253068,0.1583704004059231,0.24998549769584777,1
0.19475678547402853,0.5057082690476424,0.8630826870257052,0
0.7961030892173572,0.665498190834131,0.2977572110793316,2
0.3704881890005449,0.3634801010862998,0.3002923469123533,0
0.2361163000775358,0.14088304166655052,0.1839425808345866,0
0.5380194385717576,0.20678074504927313,0.06610072379848542,1
0.7533907528299059,0.5971033908985427,0.5573850372799551,2
0.5794832494059643,0.8451421970885756,0.16608796011320204,1
0.9937335526762588,0.0855740268628773,0.8209390387893776,2
0.19431606588837236,0.5627212339121223,0.6848645161867325,0
0.0993217904246324,0.5516300798940064,0.1434425138207931,0
0.7932753221676512,0.5372486454409605,0.08228979389602142,2
0.118904882521225,0.8260832841839487,0.3148113965829309,0
0.5246324054267804,0.0017028424202888415,0.443733414679486,1
0.333347129227496,0.7117343777809537,0.7970358714212539,0
0.38476948642635966,0.015732912262340082,0.6760090163763738,0
0.008536764477365733,0.7647414336280997,0.7292868298928467,0
0.360460322613706,0.44172112560926124,0.6393794477850288,0
0.10902111551831994,0.24543676357773447,0.5682049385076515,0
0.8775627287308869,0.930724294875857,0.765779043518684,2
0.7064255833992464,0.308422094992171,0.6971914162257873,2
0.29429633573047376,0.36094798611785084,0.45508499237213773,0
0.001836791247397218,0.7883641794943215,0.8550226269904626,0
0.6990544116741272,0.7871395141927712,0.8658146302581077,1
0.9299256195585672,0.41763696772901027,0.6257047624063786,2
0.3533458565843035,0.9288297329224314,0.30294526169826097,0
0.5342909050985571,0.7917263871734019,0.25528000496367664,1
0.9727503881478915,0.5376957933802182,0.8587089843137427,2
0.7842844953881148,0.5479913083566725,0.1916794966270089,2
0.1915433718336208,0.2748573355251551,0.2346199627356611,0
0.7440518193514353,0.07420052809033317,0.09236461765891957,2
0.4134753802978167,0.51888713490866,0.7161820243314673,1
0.12640964687112466,0.22239583546550823,0.3394823177925722,0
0.19472974641018903,0.6003470867976103,0.642369246541316,0
0.7330506341635702,0.6602446797132663,0.9227922899032027,2
0.9847684221501062,0.5194253639302253,0.8711783264752521,2
0.8528553004387699,0.5887168381388775,0.5996741168825401,2
0.8510302950454738,0.3767012496011565,0.37649474666506677,2
0.21998826411530215,0.9789023240707123,0.0737450155612639,0
0.49777807702866694,0.7517101892298468,0.6212688144847758,1
0.8127889492743798,0.34171135426622234,0.26336283025978635,2
0.9558316702967304,0.05278032791375664,0.3547586867097319,2
0.15739112377714481,0.10590515117166721,0.7208607850456961,0
0.732867696357116,0.9864068356686396,0.6122173744806895,2
0.28286640212623304,0.800140423088028,0.24562284934733458,0
0.9627711711680733,0.9180438317998407,0.9987120693593788,2
0.6960128915804284,0.006365134166615993,0.1761290745045535,1
0.042166291642175,0.37386232736087677,0.9750651809600236,0
0.072523081367869,0.694086015531557,0.7165096102411372,0
0.654067733517715,0.35427920264099255,0.2107949414169621,1
0.3788503781463687,0.5083652593175267,0.648854591154305,0
0.9576444027580616,0.35299680917565057,0.8858712169874999,2
0.16560288258829303,0.8217921141215662,0.12684619474786796,0
0.5959707098473753,0.5700085082053684,0.6152229200606817,1
0.9537798787200297,0.31186848847836957,0.3233764853549209,2
0.5543672332388531,0.632377134633009,0.01704936068203977,1
0.34853280865645975,0.7464022194520961,0.8563623181961193,0
0.14970415154582373,0.9173641453496818,0.6201965287913116,0
0.6766343250684409,0.32145799308209155,0.4136113704968971,1
0.890329968804157,0.47278309739677005,0.039207959506461054,2
0.9061126640274862,0.3585862284190531,0.9317682312728941,2
0.7425995084315464,0.7903792795527005,0.892244872515321,2
0.5783652164305473,0.6147905753774681,0.6243842214615343,1
0.2044884715412194,0.33585680677024154,0.4433678232299486,0
0.830737620850535,0.0357286451173926,0.7083677338341879,2
0.5495786068319723,0.6383549628786556,0.23826372699638254,1
0.35489285678967164,0.37201978670923275,0.576346378796233,0
0.519976988754763,0.5898023095833781,0.3674800322576749,1
0.8078156693379686,0.5484055888162668,0.6974204902079596,2
0.3029865036922792,0.3268635557155185,0.11100302060015343,0
0.17864629835919277,0.7499883953560884,0.5920497799879614,0
0.8848262544277194,0.10168770983699682,0.7062987601926969,2
0.7823086689327624,0.6899724843196048,0.3029314670161505,2
0.02732882675499826,0.28142603128737675,0.12403971273996106,0
0.5287172681454867,0.7188192699032921,0.6483348902332036,1
0.32903464718930353,0.029143811816028542,0.6728116351472593,0
0.8263693893651146,0.20543650723829565,0.8265470758048937,2
0.8964815056144813,0.6304976126167483,0.8078735890400119,2
0.874375905051097,0.9212556214521179,0.8850702473815416,2
0.5391877341473941,0.08885744923338001,0.9395964102680399,1
0.8192227920713978,0.027938023356835928,0.6980219062230196,2
0.7607633347579852,0.13776399803481176,0.4676360442254427,2
0.6019796269281392,0.13143480209728364,0.41962793572668955,1
0.29663109692279643,0.8270846381864043,0.04923152266962616,0
0.6677537080432905,0.17420717401812613,0.5446893593724906,1
0.6275937431089442,0.12894441935575252,0.8580842788606292,1
0.6449785279580174,0.7355697216487841,0.3209640475042653,1
0.6718273281745933,0.059537182774587305,0.06761403041240921,1
0.42266165386396004,0.5516003912467309,0.32502551030761595,1
0.9358105370975001,0.611449350266275,0.9445654512742163,2
0.9873588999924714,0.2994226134848377,0.8508727184743096,2
0.5450103811268846,0.15702905151864022,0.788751289236199,1
0.37484313221323173,0.8272176892968749,0.7066330479109365,0
0.13081485884052257,0.30599299098839794,0.5524130166425693,0
0.19572661121239887,0.7971279009109047,0.736733365988409,0
0.513153083231893,0.22089231090836958,0.3432809252852971,1
0.7737033165648028,0.4509392561284532,0.4992640632652664,2
0.1835632371428696,0.2158976781819265,0.4464007671263647,0
0.017999097111799922,0.1583814329536113,0.8570450613547255,0
0.1831815739437206,0.9064802257907212,0.9748502095704429,0
0.6395739868309662,0.10762133888821113,0.9948701350041363,1
0.339072478226525,0.24366638752460879,0.19505997314317236,0
0.809560705092259,0.18295905831099368,0.5382998936501144,2
0.7547615822736461,0.07157346132278819,0.3633092429793626,2
0.7672218354814737,0.8365224454072732,0.7340291483414964,2
0.8324105806645707,0.6887466515321167,0.16739747566599683,2
0.6634485661351815,0.3459768109804364,0.4821902447321009,1
0.1363381252438497,0.7441868437244399,0.014899352605396099,0
0.21306295278309906,0.04266252111287083,0.8080246458702063,0
0.5996111084340487,0.6094960648274357,0.9576358056427949,1
0.25556280541889653,0.7245594021108666,0.1344085017964719,0
0.2135249948517567,0.13144457238795182,0.7794085030574394,0
0.7054540572967721,0.563380426893521,0.7575871321593256,2
0.8223421523324946,0.27466915330476904,0.9493330443990321,2
0.4699085709697076,0.3703630982260263,0.12627047099039257,1
0.8409176303332793,0.21457411708416452,0.21041408428616515,2
0.007983377210385445,0.23785112648175144,0.5777503984236433,0
0.8872326807252952,0.3076874637246869,0.3146776339842694,2
0.8329737205959825,0.8877318957798291,0.5310009357507718,2
0.820709708670698,0.7647650480664123,0.6001544951926995,2
0.48540184843758194,0.4185224491185403,0.6898888701012116,1
0.7427444754110554,0.6664625200710386,0.9621116213232394,2
0.11495121580882917,0.8162945664824027,0.8051563544608566,0
0.21184321826435593,0.06543606788047118,0.46545669604789264,0
0.8322477447055108,0.48809537987471574,0.9993401791844968,2
0.5960545551308606,0.4056596592863534,0.07868865799704416,1
0.854448627218463,0.03733823290644944,0.609641062632382,2
0.7378950894579539,0.027709665616401424,0.8964275704032589,2
0.10679854167399816,0.189593529762917,0.8771957807477986,0
0.6047074785002391,0.29395249166159443,0.7222853109753183,1
0.567640569037846,0.16871726923846453,0.7876478323302719,1
0.7386284705578856,0.3776613235877725,0.15289437703967523,2
0.9277053209765969,0.367624480355235,0.2168135148475988,2
0.3429217738501351,0.1549631624589437,0.16865494676619575,0
0.12475319502411153,0.8194023529204483,0.5641064812615936,0
0.5491885512003808,0.4069908013194704,0.46866428210477895,1
0.9086357680129172,0.9737943094936599,0.8161634121039884,2
0.06476483622022977,0.42713872675448883,0.12168052609084967,0
0.7812786723035667,0.4532111776817116,0.3412967046775526,2
0.8896270453688816,0.6237102612821868,0.45055089279601124,2
0.6844908845313863,0.7199066284255302,0.5521990742739782,1
0.9005605117466744,0.9830395211882308,0.23797624697704012,2
0.4358411119357588,0.005018622158770247,0.9121988364515267,1
0.27460795126372795,0.1789008849949575,0.415329097321229,0
0.9282611410606164,0.11342512804634053,0.6242807071522332,2
0.861649746502621,0.6602617048809409,0.10649666384938372,2
0.3568155454581855,0.1856007805203188,0.11487523721213522,0
0.7909844932555833,0.0791106011286733,0.5127740444158337,2
0.6165329511758074,0.6927095419399866,0.13210201876115657,1
0.8964673807744887,0.981363335342857,0.4073060918213137,2
0.04359627482067596,0.16334484232167445,0.5971503971148531,0
0.21318564989472244,0.5775634330701844,0.27836365907013894,0
0.7074089413999561,0.3821273698438624,0.03259635682818285,2
0.98855026704783,0.4489994228738893,0.6987398927887893,2
0.8713067950862206,0.08087442522559052,0.28881929007524465,2
0.28214513724710055,0.32630584519126726,0.8536014524168034,0
0.5146219980911936,0.4810699623994613,0.46341686131615856,1
0.7300698655018101,0.9135020157471092,0.9253254732222876,2
0.44092316197641623,0.6791540446112423,0.21244037848812225,1
0.1900976174474166,0.26678200027788346,0.7020618531800099,0
0.34996034842487467,0.8417538646677586,0.38368536456474256,0
0.3233286702043786,0.5730358381607044,0.6583282165418528,0
0.12572438578144518,0.13109862731443922,0.8112613119519262,0
0.7857579289372472,0.4939032733297998,0.13851096531796458,2
0.971041153605691,0.5473403509545547,0.12874025041977555,2
0.9710189325671006,0.25216839850268946,0.00752545668850213,2
0.49234503790068607,0.12448942211217084,0.6617266216532577,1
0.5497133123587327,0.21158893039425075,0.5140628606451215,1
0.8049653767171026,0.8415338354719732,0.8305345290424637,2
0.5403980284948697,0.6674184398428019,0.3554682260506751,1
0.14285574256795797,0.7063184063096136,0.5060343707961812,0
0.2852916607092133,0.06307703456585256,0.3629460378164888,0
0.352886228885787,0.1361652843728839,0.36990840174136275,0
0.7588470167558922,0.76324080070788,0.6902303140960194,2
0.943143549187758,0.2699695326866095,0.7876626735250232,2
0.7553710168673252,0.5828482563826796,0.2538462140949048,2
0.32433261755988774,0.986207226898296,0.6012373506984047,0
0.3914586095372796,0.8103850953922372,0.6434253989722091,0
0.34001572301832395,0.8046182223182626,0.4927435087345279,0
0.8029695895328505,0.23766313212967172,0.9960599859372815,2
0.16283851265303506,0.16306281438839243,0.4300920583903314,0
0.23068239410709945,0.686550516425036,0.22436710401017035,0
0.02585199363616475,0.08850446360040531,0.6426568336162997,0
0.6588315026693781,0.43640871390886404,0.8597364055095014,1
0.9793458879722412,0.48958235659480476,0.9506654823878044,2
0.90010330063957,0.8405337183763733,0.5468521036357592,2
0.949308485869286,0.8621050696111475,0.9206682309107614,2
0.22809236229910324,0.03240290597548279,0.38388426929555397,0
0.4094084676832229,0.22322118585440143,0.989289737920006,1
0.38565915097348114,0.8813173438390026,0.8967737003581554,0
0.332370729592147,0.35126941378302634,0.31305441471193385,0
0.7234137982593325,0.8723208126282856,0.46419361443577034,2
0.4165945674975987,0.3092650544107073,0.7561199213288353,1
0.2076385846047658,0.5368885088861113,0.9212025195610744,0
0.8510995739748161,0.7946263307163084,0.3261612773862843,2
0.9028919988275869,0.8222302072342474,0.6504459791707535,2
0.23325305423680143,0.8466339156413312,0.9902389933803099,0
0.4983971151456942,0.3207694835295388,0.9640827687037672,1
0.44385781500011345,0.08240773498242915,0.7025957957694636,1
0.5391943386624984,0.11181652190431013,0.7000800608345862,1
0.2012406556353148,0.7543352419553392,0.8198297919368424,0
0.5266308005410845,0.20768395209360435,0.17338824305199607,1
0.22825861050116503,0.5370482292335352,0.3357702273864944,0
0.25056503477965064,0.7866833452276544,0.8172530261386093,0
0.8209716619957127,0.3369512550243553,0.5896161895644683,2
0.9890696471979754,0.17205060601524258,0.617327124382861,2
0.21495957641628294,0.8575442417350652,0.7800765683587799,0
0.7999588510974722,0.6940746029697483,0.3515023867023649,2
0.6856755357401179,0.19871606285251564,0.7344307484791159,1
0.6260776114629153,0.06577353196880376,0.5362415441017327,1
0.3153333522309193,0.6924352999905461,0.09408427095426664,0
0.08032004678851057,0.6332200742200846,0.4868503740011312,0
0.6525645838623231,0.1819577715530739,0.190857182541173,1
0.07120531580218825,0.9103963357528788,0.7152250512382435,0
0.4197018849987424,0.4820143076081076,0.47906848276353375,1
0.17308577338790965,0.7135981636503587,0.37028323706011135,0
0.03332054516886973,0.07432312257756124,0.5033157988008679,0
0.721419559843423,0.6000090686323158,0.18053239265333854,2
0.5811803160427578,0.41007773663327773,0.9150175842637875,1
0.7118386294833664,0.9380074534087071,0.022316439072757932,2
0.6965693059272712,0.693577557200691,0.73478808094637,1
0.7634698092042336,0.9381463167829636,0.49009339243921635,2
0.3010344379838248,0.2350671909409563,0.8505888686373463,0
0.11903944195625582,0.3486469910483385,0.6266490842905663,0
0.8298793950811425,0.423630266856288,0.4912419126379236,2
0.5106166740833632,0.07639903669702008,0.4943252322839996,1
0.036176429617358674,0.05942624387740503,0.24259172221558023,0
0.11755699473537806,0.7741010814426271,0.734176696681011,0
0.12229373721503367,0.4317321712254176,0.8612017165551271,0
0.6342331514813472,0.4997205224672979,0.19464235416193754,1
0.47182030741211867,0.5419235920993121,0.6202240098994659,1
0.5117577312037869,0.8618479006055761,0.903369577090621,1
0.21557177468839994,0.7418060475268689,0.7802493581839822,0
0.5188021068803794,0.1916610710103851,0.4659280222533547,1
0.12196059477849064,0.06413147743156378,0.35312246702957606,0
0.7119620593943617,0.6617242927904046,0.21909986323283515,2
0.5204006513986394,0.40303062685157054,0.22573247062417456,1
0.4845941807639822,0.5325275076231867,0.01155844275483997,1
0.27692065501152086,0.1764173926358027,0.8933081685838765,0
0.3617797852919793,0.3752151809764108,0.6375909186858671,0
0.4746201388401342,0.796522147173473,0.0591962514815072,1
0.6539103216889338,0.056215968357142265,0.5024711974865048,1
0.5105491561863955,0.8622512579556518,0.6346914672872911,1
0.1269668262484871,0.3313105177339952,0.8020491865610458,0
0.12745897718733368,0.1336986834984899,0.17711892571127963,0
0.8802363012083829,0.9751083185601308,0.07725870056973505,2
0.6978306072182262,0.9925515500748023,0.28000266503275895,1
0.4167904576620589,0.5476057546083162,0.13206021345798413,1
0.5620499603953582,0.43238782820570587,0.8442706552646472,1
0.8428143204049943,0.5066510410066457,0.7080606927787642,2
0.39479529900123367,0.48759835257218476,0.8359710941044527,0
0.5285382430073366,0.04510964933268202,0.41786290963094175,1
0.4507127284055553,0.7898129825935531,0.5758834345446633,1
0.7905444127976345,0.6352608444762491,0.9184623669703802,2
0.20037973642919837,0.9333824750002996,0.5737288256468999,0
0.6698920925346541,0.9677262479703037,0.9063721826106425,1
0.08444022070920465,0.46776369930302697,0.5883799825468424,0
0.4382725230055551,0.2064853790026403,0.9493081643233745,1
0.22440294078621414,0.8092983517648914,0.9522347548615644,0
0.41011187897237833,0.2743730373056602,0.29271264575648204,1
0.5166979196785517,0.3936392958139123,0.7022260996790197,1
0.21733876486852832,0.45424386334698685,0.6317795604876816,0
0.046225576007691394,0.18677462713358883,0.26070940523719366,0
0.12559243250951635,0.056503270220156,0.6095544535713332,0
0.6005541160457742,0.5337127814121926,0.4183237467908867,1
0.21311847347128166,0.44613356138930094,0.774961830655724,0
0.8044122865918109,0.4693922182038618,0.7674487040061829,2
0.14740559075306192,0.6777941082207585,0.22357639942852692,0
0.7305717928894936,0.018683370429325885,0.017834854791998755,2
0.7440240025927927,0.8467278849463574,0.026335483694827633,2
0.882785960235573,0.9578176656335534,0.6090494408892217,2
0.22611229151792056,0.5992434986536008,0.7410253104025077,0
0.6077410733115575,0.642732719958075,0.08756137308946599,1
0.4173235985887839,0.030722253619331785,0.9536823001047617,1
0.7844187699666756,0.05085192334688038,0.4061595126336779,2
0.2999168619488688,0.8986879036546164,0.14915500550105687,0
0.9156583136300789,0.5033002193901053,0.7389355630488693,2
0.8830097824574382,0.0008714772802633775,0.9965583465704944,2
0.8129570496191388,0.35462420507380343,0.3944343969446157,2
0.06223161534646915,0.09094510355167718,0.4565705461217402,0
0.25436718517124646,0.09814516699015263,0.2612956634271264,0
0.6328054204543146,0.42540385248370993,0.22588528309625444,1
0.005592559694868493,0.49266397798466477,0.33231083314788556,0
0.07443348683262241,0.10416182966799825,0.43310864916350467,0
0.566134966738558,0.44272530319719827,0.5828435394659919,1
0.28086150533231824,0.20836129072800025,0.18080833184150302,0
0.4361056112673546,0.8885383363527571,0.6712061169262178,1
0.12319954684984524,0.6575752577840226,0.44636081090926105,0
0.2643765420580195,0.41060514192139963,0.8677313493982226,0
0.316130415888878,0.987080503002689,0.9910565059766123,0
0.07672873922081414,0.7406765080173836,0.3168068742825012,0
0.4386037857490581,0.7192471099840789,0.1230437306886214,1
0.14386948019732793,0.3778732218804778,0.2849179997440784,0
0.017939971138006716,0.289352736585342,0.8105537300706421,0
0.8590349662582402,0.1620445373483289,0.12283399377897397,2
0.35098312823182654,0.3493476759749621,0.6964476082110621,0
0.025914150096189248,0.48570037968650936,0.9159291711426945,0
0.9783619874502432,0.9170058047794079,0.21418980031250012,2
0.8879787514385377,0.08052820902976465,0.2775419423026121,2
0.9556734889434655,0.9644611857082482,0.7108509357961339,2
0.266207469191181,0.48513302318019424,0.9566286205425635,0
0.9577056360289783,0.4694204004376351,0.9498018281971724,2
0.2831875619038421,0.6695352490365202,0.34667917080152333,0
0.7414051789748926,0.057500923826497075,0.03128336711563395,2
0.43602791277870934,0.26394269332263254,0.18909754202723084,1
0.9998523546038063,0.6731297958127148,0.9761299460377078,2
0.2587293836272262,0.03425046335920956,0.6946601053860222,0
0.05513280536011833,0.7905275682143679,0.4288895614484717,0
0.35948101512003505,0.21003665401467708,0.43935109830105634,0
0.11077237737666878,0.16088217732512733,0.748905091510215,0
0.857132851897162,0.7590537973013852,0.3548167103570903,2
0.5828195250023012,0.32145097795919464,0.9728471497028391,1
0.7163646770661614,0.0026758738974685947,0.16514832093031162,2
0.6831941448532691,0.1577086595953644,0.5072074219830013,1
0.6216497326100863,0.8067581685620597,0.2453588174767285,1
0.553430970744467,0.20161994414632922,0.4120556651982584,1
0.21769626846666712,0.5844719749896305,0.8729542553877545,0
0.5135607445561969,0.7097829738773573,0.0426385000429943,1
0.7050223666295286,0.22981977496489003,0.8443602396615738,2
0.41793551266663176,0.5279201256370127,0.289235882051025,1
0.8742565859433582,0.04477266492259668,0.08339324849861196,2
0.033709663273739254,0.8681769892251728,0.21612678738574687,0
0.6765342160698388,0.577082344893693,0.27843627654866665,1
0.4803710981910754,0.7491169667574474,0.6933030570961795,1
0.3919582188213868,0.7221838937407488,0.9243975834722248,0
0.8279770396575742,0.9265218808689459,0.8393115788184607,2
0.13900666798461048,0.3267312165297398,0.3989630762643094,0
0.6469167272958476,0.805661326967049,0.9623265853458869,1
0.5029135164216931,0.9563509626194296,0.5486487728200576,1
0.9147820094354212,0.19545155989535012,0.7735249691515138,2
0.4217214080297841,0.3299771487631601,0.9676514523003169,1
0.8564777629996505,0.30743660374941695,0.4437577874152001,2
0.7933251202270899,0.019005254818931006,0.7694248718961855,2
0.28802107014781264,0.7337862073701009,0.37646775334061744,0
0.5799297669814832,0.14329311469709205,0.18169996822838874,1
0.8619010736169176,0.0006428304373957694,0.7520914278754641,2
0.877414485713348,0.881734955734637,0.40158980794067045,2
0.34450616900186093,0.7057949695919019,0.3066119978678612,0
0.6818131063940361,0.15085659789101158,0.47517773783744,1
0.12682319262045993,0.9360016099585489,0.45590593825238046,0
0.7660219326258804,0.3746044342444812,0.9989694761049264,2
0.7240028587968006,0.7097552094639189,0.3337852932216142,2
0.7063216612615231,0.9476894922197626,0.11089937200146616,2
0.4085653412862692,0.8702571066162528,0.6233297069607742,1
0.5903049747860374,0.46675666697147644,0.7066842734586518,1
0.7436411954913521,0.9012683833799147,0.7126980162558079,2
0.41588674404820625,0.16464766229232453,0.8960145668625643,1
0.6951798413029285,0.6467520754845022,0.9175085937389036,1
0.9859468903833722,0.5844981487403196,0.37367549847478876,2
0.24927105758423596,0.7689783643266614,0.761771236994492,0
0.5131254054889869,0.33304954672109455,0.41520635161110786,1
0.9489744278689526,0.34589870594798566,0.48707232207138806,2
0.6706442857169039,0.8221484293102619,0.046331388523285555,1
0.916985412371353,0.9778586869870417,0.9147488289637343,2
0.8375389150549084,0.9612520190487609,0.7970452160991602,2
0.6484473537887709,0.3451428175160358,0.5750174914407743,1
0.09994646286072417,0.31075424474938185,0.26768988030180785,0
0.742597271553205,0.5691210873344773,0.3065034173864086,2
0.735517647391583,0.531377324943438,0.7852507247350758,2
0.21616511438411667,0.1883357238893123,0.422495980797705,0
0.008864728128476163,0.8885878116766232,0.44429299282580004,0
0.9570522427202373,0.27935179738911387,0.3110800435619455,2
0.9704462367954027,0.004494394338563024,0.8512426836284119,2
0.7026810377701468,0.07973869827595126,0.2202060064756124,2
0.28284705259847065,0.7608547762156277,0.9028090709209075,0
0.694194795339321,0.24524064389332723,0.8643543283322622,1
0.15320588929976098,0.9663908139674268,0.6297137850082376,0
0.2902344763215655,0.9061736288076754,0.2272710780749777,0
0.6381551833858243,0.379782439783068,0.5115196911865384,1
0.2967837334792306,0.7254853687886333,0.9018653730643016,0
0.27515776146725524,0.5670826823508686,0.2893265954981602,0
0.17919564943158806,0.6488297809994891,0.49820403257298607,0
0.5976243590769663,0.0455398020990595,0.025729384934219945,1
0.20003188898914825,0.16426745107609253,0.584032043984184,0
0.015389213197462337,0.8083211079496128,0.7226503965836857,0
0.5091517206639431,0.347260094675112,0.7903633508700038,1
0.36845872812935765,0.21967790692445432,0.2506778826143201,0
0.3749938262521535,0.8007401515204782,0.733467652159395,0
0.8264156229607073,0.6810957483614342,0.3855245374294318,2
0.061913471830351896,0.5882881061618602,0.30794481072025404,0
0.04820268009334827,0.7419563217978886,0.14162524129317466,0
0.5659760685502614,0.6338325766805483,0.45325824570008444,1
0.9584295429426621,0.47861168828936995,0.5709751945934943,2
0.6380332969957182,0.5571946036221792,0.6065076259823208,1
0.9240271522067294,0.3366874265227866,0.10256920330563857,2
0.7917320637200849,0.3261280185248814,0.8865898451417527,2
0.5281258007349768,0.9903058103836397,0.860075036161193,1
0.4355477504663444,0.2134552639217413,0.18166282925119037,1
0.9883992845708939,0.9168227187880886,0.9080675672830806,2
0.6618627553168455,0.31900644957726787,0.8066821872835652,1
0.16994879691145381,0.6210136232264466,0.2878572143477317,0
0.911468294341865,0.32046927749334253,0.9430199495913033,2
0.8466096411357937,0.6807370046246269,0.5011047537350681,2
0.6174206992715606,0.6389692199738392,0.3213097415516527,1
0.050153056780682936,0.29083985559122283,0.4288116883950487,0
0.4354945122924494,0.13728409917077367,0.7865507453899955,1
0.2566404922292326,0.931590054296162,0.5723905768777687,0
0.7687540990620801,0.09521376715755359,0.9464280623191977,2
0.8737146071941486,0.9423853038798111,0.8531695847521935,2
0.8027746934977024,0.09557674622438983,0.2421515842388624,2
0.9313492729614173,0.265905756460443,0.563154326092319,2
0.9590935503021406,0.32528406307954527,0.6794274293497891,2
0.21448296425753743,0.417281173150605,0.18963266680136648,0
0.190968274855164,0.6930226111231098,0.26189873234378014,0
0.831973488899897,0.4746939129349238,0.29683243420031924,2
0.2903360142103575,0.5469089684422324,0.2151882970642247,0
0.2863211991888678,0.6508944622072147,0.6163678322277244,0
0.1800787878481348,0.2835132417335471,0.2871292513492806,0
0.5121607215070513,0.04151885940585387,0.27610762589025784,1
0.7340179253229341,0.5759929416880519,0.8824709433943293,2
0.011794218755576402,0.09031293854904965,0.953580574507592,0
0.3908575642672105,0.10930574722915898,0.8289557062215153,0
0.8856150395075958,0.3730201854941939,0.5848694330641525,2
0.24434862178957029,0.47650635541289743,0.2524723832798239,0
0.4921969495410191,0.046881035509733104,0.12573433583971827,1
0.12626775107106125,0.3220459699466808,0.4439765663998496,0
0.5039671252276932,0.23348163336575833,0.13959302134180984,1
0.7843159684646076,0.14205511274141436,0.14387467185669367,2
0.02149403336689093,0.4465800985513465,0.568999610119173,0
0.1659644515599673,0.9899498829211939,0.7908396787322477,0
0.1692714922124764,0.3876485581293032,0.3205000896589367,0
0.3084464228513524,0.38038064623841505,0.16164647999079162,0
0.792387022351544,0.5759449105885165,0.4290311158481398,2
0.172774089845801,0.3105596594100366,0.40477817255541515,0
0.27690345919024884,0.989835365331004,0.0532660646004639,0
0.7998506892533661,0.3726477631037731,0.4118273588865742,2
0.34112936357878243,0.7168608592022296,0.0008131609913032412,0
0.13597899297389182,0.786049244472556,0.8496018086376206,0
0.20576077523147318,0.07614208031047731,0.31897391105900486,0
0.2842299654614775,0.33941603075931104,0.8825651972750451,0
0.47553507481661395,0.03714371342603062,0.15652512615433145,1
0.19241980032734085,0.8461582538072585,0.11759022214736625,0
0.6939299085700524,0.41702679900813777,0.5836822565782512,1
0.07759849508227967,0.28282313452797114,0.8742383737423716,0
0.9661507669117251,0.4978226780623257,0.27044337121557904,2
0.03725959701027981,0.7521831185893953,0.6019967246659522,0
0.7763900975223613,0.13363026503180753,0.9268668918901817,2
0.009158159973536528,0.4198218960923057,0.5414694411803583,0
0.2352861284699903,0.006216225252018925,0.6786808909654063,0
0.5980171168478219,0.6163293249383677,0.9678443991414695,1
0.1468092875119138,0.40613591673231686,0.4452358628130342,0
0.31896027589787157,0.641235870853392,0.8702672603516548,0
0.9453523127491531,0.811140362356445,0.9054221411769423,2
0.8703706859329041,0.3804482504856431,0.8716066417623854,2
0.9763350107539107,0.49404496242196305,0.18565767237119513,2
0.7081235387942834,0.6876557916460745,0.7954570454950576,2
0.2016110544391989,0.5144237265005474,0.42077217327123995,0
0.37515736397302235,0.29176465593477574,0.3071736149283475,0
0.28109098799210985,0.1508400340263495,0.4663868572955462,0
0.07205415067292387,0.6634482019975694,0.6957955594753272,0
0.21947102331112467,0.1798154983009128,0.33599913726231445,0
0.9082392685480049,0.8878593588360068,0.9574656804862899,2
0.38843186292110576,0.8556089265881508,0.9816265522829642,0
0.6326938577031024,0.3383469540412094,0.9544360914632893,1
0.5248434364999244,0.5456129862191996,0.012149572237739936,1
0.8133882299710566,0.22381623909344783,0.8985334740757399,2
0.982921443687525,0.11656616805937914,0.7981947646375547,2
0.030510763581793054,0.29205970783712465,0.8911628417739558,0
0.013299742905596212,0.5127403265774911,0.1779298801461865,0
0.07989707009670599,0.5739640198513086,0.08656864517585594,0
0.395381530215668,0.03522091995976562,0.8449628596007255,0
0.7607432246281076,0.5909403943390469,0.8335690494056073,2
0.2100869204854212,0.0017387140797615608,0.851328260310895,0
0.8337715066553709,0.7888299022676357,0.08736706805146821,2
0.5552007065554517,0.37856199548744607,0.5614844550950235,1
0.5701462439360836,0.9207770282940775,0.48575000366806154,1
0.12856033670195532,0.20344371439082343,0.5648534001678154,0
0.5068510068448527,0.5133292881109924,0.8219828957923258,1
0.768229921564051,0.31783482294209364,0.14310139251676124,2
0.946036963187312,0.1957487425085468,0.9872539541298363,2
0.14970240164985038,0.9662865612339571,0.5111942249246879,0
0.8710868682018188,0.3597628825015562,0.10318770833974655,2
0.30651872325573337,0.10859724212145061,0.26263840480951084,0
0.45990835372271277,0.9905013048460779,0.4057051879496213,1
0.15516320001503414,0.4681983558695759,0.1766184884847366,0
0.9849730386176276,0.6563389156597027,0.7909507794776824,2
0.145408396541707,0.2850025874968072,0.0996400474670115,0
0.4310959851749826,0.4519216167675508,0.2355579274195424,1
0.9064888498574422,0.837997822500876,0.31062376692144433,2
0.3882911005783318,0.5964326433360801,0.8412825399705076,0
0.6762337389567453,0.6475145371220493,0.07170544126390244,1
0.6618026578160016,0.6595692681907653,0.39052518608385056,1
0.09741603690646106,0.3918071822143615,0.0859555242218879,0
0.005313924836131911,0.020070996327716695,0.15056193707303156,0
0.06393667741623632,0.44515628449569844,0.9921599102869576,0
0.2238030602548292,0.9506509380959494,0.11815376446446979,0
0.8246029665758932,0.614080609793329,0.3272010927460369,2
0.6771563349666325,0.11217003550722171,0.868856439219501,1
0.20572441109311268,0.15786700463871806,0.21290245509267225,0
0.8289090541368952,0.49771089745446984,0.36840723396591046,2
0.19454541629774447,0.08005829571069223,0.2487273589281047,0
0.19271559563591067,0.9985389716550821,0.06088384870948915,0
0.4509004887254623,0.8407160257000853,0.8396531154853727,1
0.1639670935717531,0.24706224238175734,0.7777320104011061,0
0.8355236706276218,0.8018018214897964,0.06592092631097779,2
0.5890762372356787,0.8933156676406887,0.09709433737167761,1
0.19258372544160152,0.4285045787333863,0.16007873959663055,0
0.9432756814853657,0.0679828136585604,0.5011273405926504,2
0.427222993872467,0.5821397498395133,0.5963527285196669,1
0.5689062232590536,0.2969054430044429,0.12964713800383887,1
0.9792990450714969,0.6568865685431665,0.7887074390580795,2
0.78332469764579,0.2364705624655884,0.19280434821997205,2
0.7253315578115191,0.3072216775088986,0.4625900636189191,2
0.2820869661973532,0.7171114196988565,0.46215305921714966,0
0.8456346718025314,0.2963881470021765,0.7318504333372253,2
0.03487782230974701,0.029173063006224798,0.364853192375296,0
0.9781490885193329,0.8824514939273443,0.2713087748260826,2
0.19558828244788073,0.9780819594409522,0.709647552295403,0
0.06845447381053127,0.09983414708365868,0.2424687677990811,0
0.9654508456333728,0.0661226499306039,0.426023528282124,2
0.8048032193692296,0.5048002182164978,0.5767250319259754,2
0.762802560578088,0.25595583545767675,0.7359876535448593,2
0.0047787549535402984,0.8652055453830755,0.8011406487873838,0
0.4050745214977296,0.8327802967350266,0.33509268329791886,1
0.3792347870565257,0.8000119063278793,0.047646563761979954,0
0.7837646168969439,0.7625746222514607,0.6235980366821617,2
0.214541226766914,0.34794177484540645,0.8901862704177308,0
0.8344342814025126,0.375139737368137,0.7183849101263111,2
0.4952219429275714,0.18800068484009758,0.8203155080349003,1
0.5161680069073257,0.7220907783350501,0.2757046459555311,1
0.7149560576142786,0.1829698757186461,0.5386111760892451,2
0.8569544551995125,0.9372029421647446,0.706390068210208,2
0.9530557791394312,0.7848839109091988,0.9931004639930593,2
0.0863686518107013,0.5546122038571533,0.8928186197024934,0
0.00963747032341089,0.721956801751386,0.4007649753641921,0
0.8866486676607079,0.16672263187537895,0.6347880435655853,2
0.698327653667063,0.3146572864037076,0.8124911302030255,1
0.6737479997530074,0.365319046764237,0.42356274386929216,1
0.5323011204527889,0.40967258105576587,0.8280702264759783,1
0.037198253609316945,0.8414684791173194,0.32181654521048864,0
0.8308966186159695,0.5592037414328296,0.688130804402751,2
0.3461696569190341,0.04467772221232613,0.8728434631325439,0
0.3732838571773066,0.7946509916265683,0.7804407272365725,0
0.3089752293477891,0.4552859239164567,0.7010323916869489,0
0.6208816398044151,0.31794826862590175,0.9720621818838048,1
0.43897395866157274,0.9421754756359176,0.8289555634741745,1
0.951371039496287,0.9260244147740898,0.8788646672058377,2
0.009596193998687164,0.9735329492732766,0.4850643065957282,0
0.05099063946164584,0.5223417688797316,0.46898918312003146,0
0.8165027033223939,0.5265899030019728,0.4766581116450771,2
0.5670085415930212,0.3798959944546615,0.7626596667301098,1
0.9328170249557118,0.1459504898737115,0.44588863911109855,2
0.30839337578348625,0.13248261394466598,0.11219603929361288,0
0.9338573576232695,0.07324745606240368,0.8138564939858539,2
0.6525066644991911,0.35748258222566653,0.05461771686101802,1
0.4858040170465887,0.4802528089535777,0.11424506307719351,1
0.2802933420838484,0.8198243024761236,0.11492893411581628,0
0.5517789910605998,0.018608596653345244,0.7380553462493978,1
0.5822790950500465,0.49739089767315836,0.45872255882217683,1
0.7625046531084327,0.37882865492350515,0.318039691706238,2
0.19055063203937728,0.6711939340656236,0.8229602592175634,0
0.04657208874159724,0.5129275910687067,0.8791559754014282,0
0.7019936912626246,0.44063728084201914,0.14676011004916312,2
0.6938690632599148,0.07870208935159695,0.014876271411061959,1
0.2551982717122101,0.7821272444591224,0.19282330979453266,0
0.5890464501849993,0.804938879703698,0.7985175028235957,1
0.82137538513709,0.9985647060053711,0.24799880745363745,2
0.008306315398502795,0.9647042111051856,0.3596920568439206,0
0.2628226115122346,0.06918425939384198,0.5666288077114132,0
0.7632884495038584,0.5730650133311128,0.724428128528028,2
0.3968626292307209,0.8198840787490271,0.19732772591857717,0
0.8577750338156557,0.3173439458434528,0.4471883315248407,2
0.9061249569633778,0.05261819777516619,0.026638240541755565,2
0.8603216256718509,0.5291823209507499,0.8330457282265432,2
0.4675377740988388,0.8098173190746583,0.5980537650722375,1
0.5381043184123424,0.2508184192662126,0.17338723345390372,1
0.9462445063208352,0.6164198452597541,0.6746879463207183,2
0.5826025066438055,0.8323108847940875,0.19635157403184633,1
0.29330882229366406,0.1462275579506246,0.7561422543596894,0
0.5308908525861109,0.9051412960666173,0.7414118286122617,1
0.16213425210453603,0.25104368870818905,0.7615821574267173,0
0.15273675299959344,0.47664214206744426,0.2663015148587562,0
0.004599975084080832,0.15601165955726048,0.7469588944807012,0
0.9297739593678485,0.7509879383265436,0.29607846648613023,2
0.6985711884838314,0.5299590987990591,0.532183745219249,1
0.04226475477068781,0.8549067210347385,0.7267351863595087,0
0.17526428346580036,0.44087548524532516,0.0009307993558297367,0
0.03250551557240833,0.900016708471923,0.3576525149643969,0
0.22234736216472695,0.2785046716955185,0.7207234548634746,0
0.37760632357375445,0.5883075629061443,0.49155829224709546,0
0.14392909989828717,0.39277925491785515,0.05885044768572201,0
0.038831809048467725,0.629828899905123,0.2752949020501497,0
0.1816288139795077,0.4730204355596921,0.7508558328985877,0
0.20061005654967,0.30160600609867605,0.45176522212107817,0
0.9054256276261647,0.77547162425239,0.8404269435418946,2
0.46358303685164226,0.538519160544512,0.8618730875329443,1
0.9019447737991393,0.27340495238104523,0.06758543966751518,2
0.1382386259619547,0.021779738462577303,0.5454385090842355,0
0.653692795156081,0.6517445410166256,0.7378185239611369,1
0.927656489144648,0.5261642070536096,0.6359181590467456,2
0.07243676772653496,0.8804990988011361,0.6110848584750316,0
0.4224418730447249,0.2824615228706896,0.9873205296525073,1
0.9333815353471121,0.5320563613449903,0.589653400937356,2
0.9502121985107819,0.4002306678733434,0.7177655113066082,2
0.7436803458232757,0.9139185868119591,0.7325595241759374,2
0.3220219009672993,0.07392178815601003,0.6966692197805288,0
0.9618471101082173,0.357403044749661,0.6609368163087328,2
0.8285226003564918,0.8052370999549342,0.8208391200767788,2
0.2708036614171965,0.4658800040209249,0.5895739227464711,0
0.08457775336175488,0.19529456314054316,0.804876601007937,0
0.19362099434072166,0.902770654658733,0.3658273855763825,0
0.31052492153687816,0.12997465863461966,0.11161147193567778,0
0.5671277879457596,0.2021008751037735,0.5178306569147126,1
0.1654415108116558,0.7990111804716253,0.5238786548266279,0
0.3361382723823142,0.6908514222793146,0.9069516503432425,0
0.5924654922112024,0.7102693467539751,0.46621236965607094,1
0.399593643780496,0.13730526232419538,0.7549327577135514,0
0.809795104658386,0.2664558466739092,0.5246516973975109,2
0.9501401793794378,0.04566126489654743,0.45544988681352583,2
0.5961196808080215,0.532209564274984,0.015097295807050326,1
0.6782619170579708,0.9422261527868478,0.7217708956117709,1
0.748342465710905,0.4937882227632131,0.4945789917115888,2
0.5768288286668216,0.8904572715235574,0.03373261920398318,1
0.42331093272046316,0.7889086090886034,0.14244745586837215,1
0.6796709931127697,0.5707444886095444,0.9849573595210454,1
0.08550227383098297,0.32419661088066065,0.8523181097808014,0
0.2770982335046317,0.12210314499933139,0.8114464013661724,0
0.0071467292486459,0.5014231031603649,0.5511339687381938,0
0.6771871720770435,0.9681874739260528,0.9829298073398653,1
0.6127235028767533,0.14159561209069182,0.7753695885495983,1
0.8559883675753053,0.9921730874481145,0.6719464090234695,2
0.8732281496841664,0.8518305731297832,0.2379828979986478,2
0.9658667776441063,0.40721098429720815,0.6314260743480312,2
0.9434180374791051,0.2626015673567146,0.06295645531985405,2
0.028778989462609705,0.9845042200294477,0.6385633805201234,0
0.7822095533552401,0.3855894212694715,0.9812352439470209,2
0.974274320196109,0.8869055004059883,0.09645107159085631,2
0.5411977256866818,0.937912489906266,0.6024370721384387,1
0.7088737633707706,0.7181271311674092,0.7293187644601846,2
0.06127824317273889,0.08681186610892111,0.08588914926570057,0
0.19100279488076066,0.3210322192605779,0.1429427424929237,0
0.14698666931314108,0.8495412785221983,0.7026961325990113,0
0.8099220466910761,0.5866557049029775,0.7501561422905488,2
0.23342269628133017,0.7118545951554954,0.41547188170248206,0
0.10386848238804436,0.6077249762436147,0.34928988780243386,0
0.4213893292157346,0.39503894946655116,0.6687676539511705,1
0.6625402480086059,0.20169873432841234,0.7022765181546808,1
0.4371037789486204,0.8050521222344912,0.1624758819614327,1
0.24501254446776066,0.6566147702700131,0.4366447870726248,0
0.9598135643830481,0.881510491021209,0.9629287452057012,2
0.05334229166031612,0.7903065740888221,0.7843655299844049,0
0.41266469262157657,0.1430491693734257,0.8249118390770375,1
0.6538642474812425,0.05017919635859314,0.9099663807644242,1
0.7241454798586405,0.043861468947794635,0.5579002903312246,2
0.42152589744766933,0.778062209534691,0.6048576460812551,1
0.8403716631360434,0.32371096873586525,0.24598357013955685,2
0.5006029125754403,0.07231815977772482,0.9660728397975014,1
0.6479100242044149,0.629357416833839,0.6321068354997262,1
0.4659326760070899,0.6748283431263086,0.7669096485248172,1
0.5567309684735565,0.4558470131705318,0.9207221992644099,1
0.9890875000223456,0.07745187973401846,0.09712826891988202,2
0.31482697238873747,0.9293246235737529,0.1527228686585843,0
0.8621934714888655,0.6713748389859512,0.16622735147939738,2
0.44859486314455144,0.36436586093405754,0.2317229680747359,1
0.25253770623145455,0.32831759007045547,0.5278041064953924,0
0.17396413301892555,0.6959699941488978,0.09874976202813601,0
0.617264537196299,0.46190279550446545,0.6862984356061193,1
0.6010149540379289,0.29033359041283324,0.4067670239389476,1
0.7536721138256128,0.6607524792280083,0.8617071194166953,2
0.12922577714831496,0.08286193554624499,0.7848686496046342,0
0.37386132788003634,0.3349298664106156,0.7605188829001197,0
0.7501124694582731,0.5610131946647746,0.5866175066982596,2
0.5527377886619267,0.15447026539185038,0.8093827131991472,1
0.3375252661857773,0.5593660841207886,0.7514883823785001,0
0.21855302557455147,0.6733508177754017,0.7274631756707497,0
0.9486983637822217,0.26685326816521426,0.18641448181909215,2
0.12157807916212837,0.4855661261966169,0.3028212954095838,0
0.46976008694592797,0.8422737239097281,0.35215163640524305,1
0.89037407465939,0.8411571872280376,0.26240014623514485,2
0.5834738524467523,0.5896310735493661,0.7627273564199086,1
0.24508686178368944,0.5997221748549434,0.683832388612162,0
0.4459827001241866,0.6837858309567448,0.13354675022045426,1
0.39638172150993034,0.2617687713058078,0.9732097368286913,0
0.5005043962976398,0.9796339813854648,0.8834277906544679,1
0.906939315478844,0.6136292716498775,0.6850004068091077,2
0.7669567721091359,0.07158805448416361,0.22666232330407,2
0.7653864166523817,0.5303147293568442,0.6279245808940679,2
0.14399274652633254,0.4844197147968472,0.40183391182532724,0
0.44585532578589293,0.518919920671136,0.023614938398465735,1
0.9302902212870738,0.710361870712451,0.6082934974541668,2
0.03872459712087084,0.01204056597318326,0.5057322362140145,0
0.17333750910660994,0.9363721297890472,0.7757917269629399,0
0.6298214891715986,0.8575091660994693,0.8341582236581708,1
0.22448755112078533,0.6155952839562078,0.5924863933500922,0
0.2917480859048569,0.32851175006809963,0.20493608648843598,0
0.40031194334015596,0.7549168734227192,0.2854461896106507,1
0.326630210824007,0.7354423376165344,0.5188561836866391,0
0.5755033947861263,0.05694531293603988,0.09728632224446876,1
0.21950583554485492,0.8392038008741926,0.8782390573268805,0
0.8225943898943304,0.14177141666099946,0.5884801421495729,2
0.7899019504180879,0.39532518108909287,0.8408471533547908,2
0.2983790659065555,0.8807151060801259,0.780858028924556,0
0.2356950101259886,0.03966294029606898,0.3596734098464657,0
0.1664472190493721,0.246066098755092,0.21244430816830506,0
0.5735308060811865,0.045420920161397316,0.6960889728941516,1
0.4456036731314421,0.3697163169918404,0.4816996896200554,1
0.2227796911933274,0.48730010005950275,0.3624775591465653,0
0.9538898596003036,0.46328150946663926,0.8034307995903567,2
0.7836676614767761,0.5174347916994988,0.5920439563454309,2
0.7106740176607844,0.03631121187700992,0.674722711758297,2
0.65643991960555,0.9021003106199195,0.76449225670005,1
0.12901292137838138,0.1752070405708991,0.8948551733914779,0
0.6367506258035674,0.1000262810817042,0.6953053970635851,1
0.03202790064456973,0.05988532114538303,0.6378455336975702,0
0.21241498675573867,0.7644466367926542,0.17024021412718082,0
0.9958416352183838,0.8091969083446875,0.45633350923143856,2
0.3661834098328992,0.4185576816077421,0.33838827098938484,0
0.10097195497166445,0.28241165889772935,0.5902343775309058,0
0.4205263993982218,0.4555735776307238,0.3128533077850876,1
0.3767087108842532,0.7644736546784393,0.6322239356422785,0
0.24944893894910591,0.49746112614620397,0.9506720333894796,0
0.2752567415242012,0.5597646409286013,0.7254073897953947,0
0.03654201134668689,0.21934325241624453,0.03623159405720977,0
0.004626673584061214,0.32831252558955637,0.2612170623822774,0
0.8987538720716445,0.11381045564377634,0.11809397497971497,2
0.06632540418758193,0.749044590119227,0.07696217416861983,0
0.9863197342244948,0.1935398123085389,0.15916163988561816,2
0.12878826907702068,0.6172378186870998,0.6766865507590223,0
0.9817404937593417,0.5694777289588849,0.7768328617885251,2
0.9566669899040057,0.5809045466098787,0.3235481183939568,2
0.9601557789353541,0.8002895606374513,0.650335912011415,2
0.613426380924502,0.28796977160110915,0.9123373176143814,1
0.582633521105142,0.27075263503474234,0.9228599809135594,1
0.45399442912358723,0.4742388231135981,0.03431123017315174,1
0.4272812777163423,0.014382753112610613,0.9894865733956748,1
0.08654379613253049,0.915273985877273,0.6889171662992467,0
0.5585122903094556,0.6020059943903943,0.08327088514939462,1
0.9945842619010297,0.7156421726982362,0.9269103952158442,2
0.2812853895836499,0.04066746211187744,0.7243451507207486,0
0.5714651903614467,0.24337073654069064,0.7792853602548512,1
0.1790854261713566,0.14278685026520388,0.4594151876987226,0
0.15660731855193044,0.637236370315996,0.17158942056504645,0
0.8389732800167155,0.3938417021185663,0.1633291737528798,2
0.22911137451146568,0.2643648738778024,0.04188088567191961,0
0.4909231464620374,0.4920301969660221,0.5137239765497609,1
0.6433290561300187,0.7210706105947203,0.28313580480196665,1
0.02890723276655416,0.19076815434202976,0.050103491190796046,0
0.9395875343465201,0.8136895375600055,0.7961401544775399,2
0.3175877242087555,0.9676764796498765,0.3273652034527289,0
0.021577461729758718,0.9799602541895943,0.9796340810909285,0
0.9372015240533564,0.3374337677669973,0.14734415728452588,2
0.32150007680429793,0.0916959260121164,0.17179089857418672,0
0.5347588899747298,0.6000188148042473,0.6843934663323037,1
0.6519755977483706,0.9574681065424472,0.3251757381823288,1
